timestamp,price,volume
2025-01-02 09:30,99.93,1563
2025-01-02 09:31,99.84,1501
2025-01-02 09:32,99.98,2385
2025-01-02 09:33,100.78,2516
2025-01-02 09:34,100.95,1864
2025-01-02 09:35,100.82,1065
2025-01-02 09:36,101.16,2034
2025-01-02 09:37,101.23,2232
2025-01-02 09:38,101.55,2330
2025-01-02 09:39,101.61,2436
2025-01-02 09:40,101.27,2206
2025-01-02 09:41,101.17,1569
2025-01-02 09:42,101.19,2650
2025-01-02 09:43,101.14,1326
2025-01-02 09:44,100.99,1318
2025-01-02 09:45,100.56,1440
2025-01-02 09:46,101.00,1189
2025-01-02 09:47,100.88,1778
2025-01-02 09:48,101.67,2236
2025-01-02 09:49,102.23,1541
2025-01-02 09:50,102.51,2098
2025-01-02 09:51,101.76,1255
2025-01-02 09:52,102.24,2130
2025-01-02 09:53,102.15,1600
2025-01-02 09:54,102.49,2764
2025-01-02 09:55,101.88,1740
2025-01-02 09:56,101.19,1093
2025-01-02 09:57,100.82,2354
2025-01-02 09:58,100.88,1163
2025-01-02 09:59,101.29,2751
2025-01-02 10:00,101.31,1569
2025-01-02 10:01,101.54,1928
2025-01-02 10:02,101.23,1758
2025-01-02 10:03,100.87,1727
2025-01-02 10:04,100.97,2918
2025-01-02 10:05,101.35,2399
2025-01-02 10:06,100.94,1350
2025-01-02 10:07,100.39,2093
2025-01-02 10:08,100.35,1777
2025-01-02 10:09,100.06,1552
2025-01-02 10:10,100.77,2140
2025-01-02 10:11,100.72,1449
2025-01-02 10:12,100.34,2589
2025-01-02 10:13,99.46,1114
2025-01-02 10:14,99.47,1646
2025-01-02 10:15,99.60,1821
2025-01-02 10:16,99.56,2931
2025-01-02 10:17,99.90,2161
2025-01-02 10:18,100.21,2342
2025-01-02 10:19,99.91,2022
2025-01-02 10:20,99.03,1939
2025-01-02 10:21,99.71,1292
2025-01-02 10:22,99.67,2149
2025-01-02 10:23,100.05,2103
2025-01-02 10:24,99.99,2838
2025-01-02 10:25,100.65,2195
2025-01-02 10:26,100.37,1283
2025-01-02 10:27,100.58,2043
2025-01-02 10:28,99.74,2763
2025-01-02 10:29,99.77,1224
2025-01-02 10:30,99.94,2393
2025-01-02 10:31,100.18,1864
2025-01-02 10:32,99.78,2220
2025-01-02 10:33,99.50,1958
2025-01-02 10:34,98.19,2762
2025-01-02 10:35,97.95,2930
2025-01-02 10:36,98.74,2396
2025-01-02 10:37,98.80,2812
2025-01-02 10:38,98.42,2312
2025-01-02 10:39,98.33,1696
2025-01-02 10:40,98.74,1929
2025-01-02 10:41,99.08,1006
2025-01-02 10:42,100.06,1539
2025-01-02 10:43,99.77,2990
2025-01-02 10:44,99.45,2869
2025-01-02 10:45,99.45,1217
2025-01-02 10:46,99.74,2308
2025-01-02 10:47,99.43,2039
2025-01-02 10:48,99.21,2561
2025-01-02 10:49,99.03,1330
2025-01-02 10:50,98.19,2086
2025-01-02 10:51,97.98,2881
2025-01-02 10:52,98.42,1039
2025-01-02 10:53,98.42,1229
2025-01-02 10:54,99.35,2703
2025-01-02 10:55,98.90,2652
2025-01-02 10:56,98.84,2798
2025-01-02 10:57,99.00,2161
2025-01-02 10:58,99.20,1995
2025-01-02 10:59,99.13,2671
2025-01-02 11:00,99.90,2568
2025-01-02 11:01,100.26,1257
2025-01-02 11:02,100.65,2125
2025-01-02 11:03,101.06,1338
2025-01-02 11:04,100.96,1866
2025-01-02 11:05,101.97,2975
2025-01-02 11:06,102.12,2494
2025-01-02 11:07,102.73,2412
2025-01-02 11:08,102.86,2375
2025-01-02 11:09,103.27,2330
2025-01-02 11:10,102.52,1924
2025-01-02 11:11,103.29,1247
2025-01-02 11:12,103.29,1043
2025-01-02 11:13,103.47,2204
2025-01-02 11:14,102.84,1014
2025-01-02 11:15,102.62,1145
2025-01-02 11:16,102.57,1138
2025-01-02 11:17,102.41,2854
2025-01-02 11:18,102.84,2052
2025-01-02 11:19,102.93,1487
2025-01-02 11:20,102.83,2104
2025-01-02 11:21,103.40,1270
2025-01-02 11:22,103.22,2180
2025-01-02 11:23,102.20,1968
2025-01-02 11:24,102.23,1833
2025-01-02 11:25,102.80,1389
2025-01-02 11:26,103.40,1725
2025-01-02 11:27,103.81,1867
2025-01-02 11:28,102.97,1110
2025-01-02 11:29,103.50,2379
2025-01-02 11:30,103.08,1124
2025-01-02 11:31,102.49,1824
2025-01-02 11:32,102.37,1223
2025-01-02 11:33,101.48,1509
2025-01-02 11:34,101.70,1287
2025-01-02 11:35,102.28,1864
2025-01-02 11:36,102.51,2790
2025-01-02 11:37,103.02,2890
2025-01-02 11:38,103.83,2753
2025-01-02 11:39,104.24,2127
2025-01-02 11:40,104.83,2107
2025-01-02 11:41,105.25,2712
2025-01-02 11:42,105.47,2543
2025-01-02 11:43,105.49,2738
2025-01-02 11:44,105.54,1985
2025-01-02 11:45,106.05,1437
2025-01-02 11:46,106.76,1337
2025-01-02 11:47,105.95,1776
2025-01-02 11:48,106.44,2897
2025-01-02 11:49,106.45,2605
2025-01-02 11:50,106.54,2426
2025-01-02 11:51,106.14,2960
2025-01-02 11:52,106.03,2355
2025-01-02 11:53,105.17,2471
2025-01-02 11:54,104.84,1445
2025-01-02 11:55,104.87,2983
2025-01-02 11:56,105.63,1124
2025-01-02 11:57,105.92,2531
2025-01-02 11:58,105.86,1976
2025-01-02 11:59,106.01,2029
2025-01-02 12:00,106.55,1116
2025-01-02 12:01,106.25,2967
2025-01-02 12:02,105.27,1140
2025-01-02 12:03,105.23,2218
2025-01-02 12:04,106.13,1826
2025-01-02 12:05,106.54,1245
2025-01-02 12:06,107.15,2185
2025-01-02 12:07,106.92,2217
2025-01-02 12:08,107.12,2346
2025-01-02 12:09,107.17,2195
2025-01-02 12:10,106.77,1534
2025-01-02 12:11,106.59,1418
2025-01-02 12:12,106.38,1543
2025-01-02 12:13,106.00,1810
2025-01-02 12:14,106.49,1936
2025-01-02 12:15,107.02,1647
2025-01-02 12:16,108.08,1019
2025-01-02 12:17,107.57,1938
2025-01-02 12:18,107.11,1204
2025-01-02 12:19,106.66,1150
2025-01-02 12:20,106.09,1271
2025-01-02 12:21,105.95,2911
2025-01-02 12:22,105.84,1500
2025-01-02 12:23,105.99,1756
2025-01-02 12:24,105.87,2112
2025-01-02 12:25,106.40,2440
2025-01-02 12:26,105.93,2652
2025-01-02 12:27,107.29,2339
2025-01-02 12:28,106.56,2135
2025-01-02 12:29,106.43,1613
2025-01-02 12:30,106.64,2798
2025-01-02 12:31,106.54,1275
2025-01-02 12:32,106.45,2520
2025-01-02 12:33,107.49,2133
2025-01-02 12:34,107.72,1431
2025-01-02 12:35,108.06,2469
2025-01-02 12:36,107.64,2746
2025-01-02 12:37,108.27,1540
2025-01-02 12:38,107.89,2859
2025-01-02 12:39,107.88,2732
2025-01-02 12:40,108.55,2698
2025-01-02 12:41,108.78,1566
2025-01-02 12:42,109.21,1267
2025-01-02 12:43,109.33,2304
2025-01-02 12:44,109.63,1904
2025-01-02 12:45,109.59,2129
2025-01-02 12:46,109.41,1229
2025-01-02 12:47,108.80,1154
2025-01-02 12:48,109.52,1305
2025-01-02 12:49,109.26,2117
2025-01-02 12:50,109.73,2131
2025-01-02 12:51,109.83,1303
2025-01-02 12:52,109.70,1746
2025-01-02 12:53,109.76,2841
2025-01-02 12:54,110.99,1081
2025-01-02 12:55,110.44,2840
2025-01-02 12:56,109.97,2365
2025-01-02 12:57,110.56,1210
2025-01-02 12:58,110.17,2791
2025-01-02 12:59,110.68,1832
2025-01-02 13:00,111.50,2895
2025-01-02 13:01,111.36,2904
2025-01-02 13:02,111.39,2638
2025-01-02 13:03,111.68,2660
2025-01-02 13:04,111.91,1367
2025-01-02 13:05,112.37,2508
2025-01-02 13:06,113.15,1843
2025-01-02 13:07,112.75,2642
2025-01-02 13:08,112.36,1508
2025-01-02 13:09,111.64,1546
2025-01-02 13:10,112.06,1783
2025-01-02 13:11,112.72,2786
2025-01-02 13:12,113.26,1408
2025-01-02 13:13,113.40,2672
2025-01-02 13:14,113.81,2680
2025-01-02 13:15,113.58,2628
2025-01-02 13:16,113.82,2351
2025-01-02 13:17,113.57,1395
2025-01-02 13:18,113.24,1142
2025-01-02 13:19,113.48,2980
2025-01-02 13:20,113.55,2043
2025-01-02 13:21,113.09,1818
2025-01-02 13:22,112.68,1678
2025-01-02 13:23,111.81,2923
2025-01-02 13:24,112.82,1534
2025-01-02 13:25,112.99,1365
2025-01-02 13:26,111.74,1078
2025-01-02 13:27,111.04,1222
2025-01-02 13:28,110.67,2610
2025-01-02 13:29,110.40,1642
2025-01-02 13:30,109.08,1236
2025-01-02 13:31,109.64,1788
2025-01-02 13:32,109.90,1090
2025-01-02 13:33,109.71,2451
2025-01-02 13:34,109.15,2651
2025-01-02 13:35,109.39,2102
2025-01-02 13:36,108.93,2509
2025-01-02 13:37,107.83,2373
2025-01-02 13:38,108.01,2943
2025-01-02 13:39,108.51,2360
2025-01-02 13:40,109.12,2358
2025-01-02 13:41,108.79,2736
2025-01-02 13:42,109.55,2038
2025-01-02 13:43,110.31,1633
2025-01-02 13:44,110.08,2427
2025-01-02 13:45,109.70,1605
2025-01-02 13:46,109.39,2361
2025-01-02 13:47,109.28,2925
2025-01-02 13:48,108.68,1356
2025-01-02 13:49,109.25,2260
2025-01-02 13:50,108.79,2707
2025-01-02 13:51,108.57,1000
2025-01-02 13:52,108.46,2609
2025-01-02 13:53,108.78,2187
2025-01-02 13:54,108.44,1904
2025-01-02 13:55,108.16,1905
2025-01-02 13:56,107.89,2625
2025-01-02 13:57,107.36,2845
2025-01-02 13:58,108.15,2349
2025-01-02 13:59,107.95,1173
2025-01-02 14:00,107.79,2268
2025-01-02 14:01,108.51,1686
2025-01-02 14:02,109.54,1481
2025-01-02 14:03,110.22,2377
2025-01-02 14:04,109.89,1301
2025-01-02 14:05,110.73,1050
2025-01-02 14:06,112.10,2251
2025-01-02 14:07,112.52,2740
2025-01-02 14:08,112.58,2814
2025-01-02 14:09,112.03,2289
2025-01-02 14:10,111.32,1786
2025-01-02 14:11,110.96,2012
2025-01-02 14:12,110.73,2408
2025-01-02 14:13,110.90,1011
2025-01-02 14:14,111.67,2813
2025-01-02 14:15,111.05,1218
2025-01-02 14:16,111.12,2646
2025-01-02 14:17,110.77,2961
2025-01-02 14:18,110.58,2141
2025-01-02 14:19,110.06,1510
2025-01-02 14:20,110.28,1273
2025-01-02 14:21,110.15,2641
2025-01-02 14:22,109.55,2144
2025-01-02 14:23,109.69,2219
2025-01-02 14:24,109.34,1906
2025-01-02 14:25,110.11,2254
2025-01-02 14:26,110.53,1873
2025-01-02 14:27,109.56,2701
2025-01-02 14:28,110.01,1325
2025-01-02 14:29,109.71,2523
2025-01-02 14:30,110.06,2539
2025-01-02 14:31,109.65,1506
2025-01-02 14:32,109.86,2592
2025-01-02 14:33,109.52,2067
2025-01-02 14:34,109.15,1900
2025-01-02 14:35,109.19,1158
2025-01-02 14:36,109.11,1687
2025-01-02 14:37,108.75,1654
2025-01-02 14:38,108.91,1308
2025-01-02 14:39,108.78,1473
2025-01-02 14:40,108.57,1438
2025-01-02 14:41,108.76,1131
2025-01-02 14:42,108.38,1954
2025-01-02 14:43,108.61,1851
2025-01-02 14:44,109.48,1797
2025-01-02 14:45,109.84,2853
2025-01-02 14:46,109.99,1040
2025-01-02 14:47,108.79,2754
2025-01-02 14:48,109.27,1976
2025-01-02 14:49,108.82,1012
2025-01-02 14:50,109.22,1798
2025-01-02 14:51,109.07,2747
2025-01-02 14:52,109.81,2102
2025-01-02 14:53,109.21,2530
2025-01-02 14:54,109.12,2838
2025-01-02 14:55,108.23,1451
2025-01-02 14:56,107.83,1994
2025-01-02 14:57,107.86,1059
2025-01-02 14:58,107.29,2634
2025-01-02 14:59,107.77,1828
2025-01-02 15:00,107.62,2883
2025-01-02 15:01,106.67,1261
2025-01-02 15:02,107.28,2857
2025-01-02 15:03,107.21,1806
2025-01-02 15:04,106.59,1171
2025-01-02 15:05,106.19,2316
2025-01-02 15:06,105.28,1372
2025-01-02 15:07,105.72,1102
2025-01-02 15:08,105.69,1931
2025-01-02 15:09,106.14,1669
2025-01-02 15:10,105.60,1569
2025-01-02 15:11,106.48,2540
2025-01-02 15:12,106.97,2709
2025-01-02 15:13,106.82,1167
2025-01-02 15:14,106.00,1106
2025-01-02 15:15,106.15,2949
2025-01-02 15:16,105.73,2599
2025-01-02 15:17,106.31,2960
2025-01-02 15:18,105.83,2944
2025-01-02 15:19,105.15,1506
2025-01-02 15:20,105.18,1312
2025-01-02 15:21,105.27,1488
2025-01-02 15:22,105.80,2155
2025-01-02 15:23,106.33,2941
2025-01-02 15:24,106.48,2570
2025-01-02 15:25,107.24,1755
2025-01-02 15:26,107.58,2531
2025-01-02 15:27,108.17,2471
2025-01-02 15:28,108.87,2975
2025-01-02 15:29,109.48,1637
2025-01-02 15:30,109.57,1638
2025-01-02 15:31,109.64,2179
2025-01-02 15:32,109.08,1812
2025-01-02 15:33,107.95,2928
2025-01-02 15:34,107.91,2414
2025-01-02 15:35,107.72,2701
2025-01-02 15:36,107.55,2582
2025-01-02 15:37,107.39,1617
2025-01-02 15:38,107.79,1247
2025-01-02 15:39,107.24,2630
2025-01-02 15:40,108.11,1711
2025-01-02 15:41,108.02,2091
2025-01-02 15:42,107.59,2036
2025-01-02 15:43,107.80,2326
2025-01-02 15:44,107.27,2684
2025-01-02 15:45,108.09,2003
2025-01-02 15:46,109.09,2301
2025-01-02 15:47,109.87,2825
2025-01-02 15:48,110.24,1891
2025-01-02 15:49,109.55,1360
2025-01-02 15:50,109.42,1553
2025-01-02 15:51,108.13,2261
2025-01-02 15:52,108.35,1990
2025-01-02 15:53,107.77,1952
2025-01-02 15:54,107.03,1549
2025-01-02 15:55,107.35,1660
2025-01-02 15:56,107.91,1177
2025-01-02 15:57,107.15,1571
2025-01-02 15:58,107.43,1951
2025-01-02 15:59,107.18,2167
2025-01-02 16:00,106.80,1058
2025-01-02 16:01,106.49,2012
2025-01-02 16:02,106.68,1434
2025-01-02 16:03,106.42,1726
2025-01-02 16:04,106.56,2802
2025-01-02 16:05,106.12,2220
2025-01-02 16:06,106.00,1020
2025-01-02 16:07,105.62,2058
2025-01-02 16:08,105.82,2474
2025-01-02 16:09,105.75,1832
2025-01-02 16:10,104.91,2414
2025-01-02 16:11,104.97,1975
2025-01-02 16:12,104.62,2623
2025-01-02 16:13,104.15,1035
2025-01-02 16:14,104.45,2416
2025-01-02 16:15,104.64,1498
2025-01-02 16:16,104.42,1969
2025-01-02 16:17,105.04,2133
2025-01-02 16:18,104.52,2527
2025-01-02 16:19,104.42,2127
2025-01-02 16:20,104.04,1554
2025-01-02 16:21,104.72,1627
2025-01-02 16:22,104.72,1394
2025-01-02 16:23,104.97,1646
2025-01-02 16:24,105.42,2560
2025-01-02 16:25,105.85,2413
2025-01-02 16:26,105.98,1991
2025-01-02 16:27,106.31,1566
2025-01-02 16:28,106.09,2074
2025-01-02 16:29,104.73,2222
2025-01-02 16:30,104.69,1397
2025-01-02 16:31,104.91,1606
2025-01-02 16:32,104.96,1028
2025-01-02 16:33,105.27,2450
2025-01-02 16:34,104.88,2995
2025-01-02 16:35,104.79,1111
2025-01-02 16:36,104.06,1258
2025-01-02 16:37,103.81,2306
2025-01-02 16:38,104.20,2787
2025-01-02 16:39,103.77,1025
2025-01-02 16:40,103.27,1902
2025-01-02 16:41,103.02,1697
2025-01-02 16:42,103.08,2927
2025-01-02 16:43,103.23,2764
2025-01-02 16:44,102.31,1820
2025-01-02 16:45,102.44,2007
2025-01-02 16:46,103.07,1109
2025-01-02 16:47,103.39,1310
2025-01-02 16:48,103.77,1622
2025-01-02 16:49,104.29,1174
2025-01-02 16:50,104.54,2565
2025-01-02 16:51,104.53,1852
2025-01-02 16:52,103.83,1462
2025-01-02 16:53,103.29,2588
2025-01-02 16:54,102.74,1906
2025-01-02 16:55,102.67,1608
2025-01-02 16:56,103.64,1625
2025-01-02 16:57,102.47,2164
2025-01-02 16:58,101.97,2515
2025-01-02 16:59,101.50,1203
2025-01-02 17:00,101.82,1432
2025-01-02 17:01,101.71,1541
2025-01-02 17:02,101.55,1355
2025-01-02 17:03,101.31,2130
2025-01-02 17:04,101.34,1922
2025-01-02 17:05,101.36,2411
2025-01-02 17:06,101.01,1474
2025-01-02 17:07,100.78,1590
2025-01-02 17:08,100.57,1929
2025-01-02 17:09,99.82,1145
2025-01-02 17:10,99.39,2613
2025-01-02 17:11,98.34,2620
2025-01-02 17:12,97.82,2912
2025-01-02 17:13,97.30,1405
2025-01-02 17:14,96.74,2326
2025-01-02 17:15,97.02,1305
2025-01-02 17:16,97.81,1146
2025-01-02 17:17,97.30,1122
2025-01-02 17:18,97.51,2533
2025-01-02 17:19,97.89,2688
2025-01-02 17:20,97.51,1254
2025-01-02 17:21,97.34,1959
2025-01-02 17:22,97.05,2930
2025-01-02 17:23,96.33,1557
2025-01-02 17:24,95.74,1164
2025-01-02 17:25,95.74,2224
2025-01-02 17:26,96.26,1660
2025-01-02 17:27,96.39,2236
2025-01-02 17:28,96.39,2969
2025-01-02 17:29,96.61,2380
2025-01-02 17:30,96.94,2947
2025-01-02 17:31,96.38,1042
2025-01-02 17:32,97.13,1551
2025-01-02 17:33,97.13,2180
2025-01-02 17:34,97.94,1963
2025-01-02 17:35,98.15,2062
2025-01-02 17:36,97.51,1371
2025-01-02 17:37,96.60,2198
2025-01-02 17:38,95.75,2984
2025-01-02 17:39,96.11,1186
2025-01-02 17:40,95.61,1657
2025-01-02 17:41,95.71,2372
2025-01-02 17:42,95.94,1843
2025-01-02 17:43,96.12,2420
2025-01-02 17:44,95.39,1820
2025-01-02 17:45,95.41,2666
2025-01-02 17:46,95.42,1180
2025-01-02 17:47,95.28,1644
2025-01-02 17:48,95.28,2582
2025-01-02 17:49,95.52,1827
2025-01-02 17:50,96.14,1002
2025-01-02 17:51,95.44,2346
2025-01-02 17:52,95.82,1111
2025-01-02 17:53,95.41,1384
2025-01-02 17:54,94.72,2020
2025-01-02 17:55,94.64,2280
2025-01-02 17:56,94.49,1546
2025-01-02 17:57,94.54,2124
2025-01-02 17:58,94.82,2803
2025-01-02 17:59,95.13,2430
2025-01-02 18:00,95.01,2290
2025-01-02 18:01,95.02,2246
2025-01-02 18:02,95.26,1636
2025-01-02 18:03,94.51,2128
2025-01-02 18:04,95.02,1460
2025-01-02 18:05,95.06,2723
2025-01-02 18:06,95.54,1240
2025-01-02 18:07,95.25,2326
2025-01-02 18:08,95.54,2467
2025-01-02 18:09,95.03,1597
2025-01-02 18:10,94.63,2709
2025-01-02 18:11,94.61,1988
2025-01-02 18:12,94.98,2128
2025-01-02 18:13,94.93,1296
2025-01-02 18:14,94.09,2040
2025-01-02 18:15,94.84,2528
2025-01-02 18:16,95.57,1565
2025-01-02 18:17,94.88,2582
2025-01-02 18:18,95.01,2913
2025-01-02 18:19,94.51,2613
2025-01-02 18:20,93.58,1579
2025-01-02 18:21,93.54,2486
2025-01-02 18:22,93.34,2351
2025-01-02 18:23,93.97,2002
2025-01-02 18:24,94.33,1991
2025-01-02 18:25,93.93,1706
2025-01-02 18:26,93.51,1772
2025-01-02 18:27,94.24,1932
2025-01-02 18:28,95.16,2428
2025-01-02 18:29,94.75,1489
2025-01-02 18:30,94.42,2588
2025-01-02 18:31,94.26,1841
2025-01-02 18:32,95.06,2444
2025-01-02 18:33,95.28,2870
2025-01-02 18:34,95.47,2359
2025-01-02 18:35,95.01,2622
2025-01-02 18:36,95.62,2014
2025-01-02 18:37,94.35,2975
2025-01-02 18:38,94.92,2208
2025-01-02 18:39,95.06,1679
2025-01-02 18:40,95.75,1901
2025-01-02 18:41,95.01,1204
2025-01-02 18:42,94.46,2479
2025-01-02 18:43,94.37,1295
2025-01-02 18:44,93.76,1316
2025-01-02 18:45,94.15,1153
2025-01-02 18:46,92.85,1693
2025-01-02 18:47,93.11,2276
2025-01-02 18:48,92.85,2744
2025-01-02 18:49,92.17,1672
2025-01-02 18:50,92.77,1778
2025-01-02 18:51,91.97,2954
2025-01-02 18:52,91.65,2555
2025-01-02 18:53,92.38,1999
2025-01-02 18:54,92.47,1140
2025-01-02 18:55,92.37,1480
2025-01-02 18:56,91.61,1465
2025-01-02 18:57,90.78,2529
2025-01-02 18:58,91.95,2557
2025-01-02 18:59,92.69,2297
2025-01-02 19:00,92.63,1340
2025-01-02 19:01,92.41,2421
2025-01-02 19:02,92.37,1664
2025-01-02 19:03,92.49,2630
2025-01-02 19:04,92.93,1882
2025-01-02 19:05,93.09,1298
2025-01-02 19:06,93.11,2396
2025-01-02 19:07,93.63,2623
2025-01-02 19:08,93.76,2248
2025-01-02 19:09,94.04,2783
2025-01-02 19:10,93.48,2019
2025-01-02 19:11,93.99,2869
2025-01-02 19:12,93.67,2306
2025-01-02 19:13,93.49,1520
2025-01-02 19:14,92.77,2840
2025-01-02 19:15,92.96,2647
2025-01-02 19:16,92.56,2119
2025-01-02 19:17,92.65,1323
2025-01-02 19:18,93.72,2203
2025-01-02 19:19,94.26,1612
2025-01-02 19:20,93.93,1512
2025-01-02 19:21,93.52,1935
2025-01-02 19:22,93.71,1787
2025-01-02 19:23,93.44,2747
2025-01-02 19:24,93.07,2171
2025-01-02 19:25,93.11,1735
2025-01-02 19:26,91.71,1604
2025-01-02 19:27,91.00,1044
2025-01-02 19:28,91.73,1562
2025-01-02 19:29,91.62,1016
2025-01-02 19:30,90.93,2525
2025-01-02 19:31,90.62,2993
2025-01-02 19:32,91.27,2017
2025-01-02 19:33,91.48,2705
2025-01-02 19:34,91.82,2636
2025-01-02 19:35,91.59,1471
2025-01-02 19:36,91.22,2303
2025-01-02 19:37,90.93,1389
2025-01-02 19:38,90.39,2476
2025-01-02 19:39,89.87,2571
2025-01-02 19:40,89.35,2286
2025-01-02 19:41,88.55,1198
2025-01-02 19:42,89.14,1632
2025-01-02 19:43,88.73,2615
2025-01-02 19:44,88.12,2499
2025-01-02 19:45,88.35,1269
2025-01-02 19:46,88.71,2530
2025-01-02 19:47,88.93,1850
2025-01-02 19:48,89.05,2104
2025-01-02 19:49,89.29,2794
2025-01-02 19:50,89.90,2870
2025-01-02 19:51,89.79,1558
2025-01-02 19:52,89.97,2688
2025-01-02 19:53,89.64,2933
2025-01-02 19:54,88.73,2528
2025-01-02 19:55,88.84,2782
2025-01-02 19:56,88.71,2972
2025-01-02 19:57,88.92,1154
2025-01-02 19:58,89.74,2761
2025-01-02 19:59,90.75,2385
2025-01-02 20:00,90.53,2980
2025-01-02 20:01,89.15,2732
2025-01-02 20:02,89.31,2619
2025-01-02 20:03,88.86,1808
2025-01-02 20:04,89.47,1931
2025-01-02 20:05,89.53,1754
2025-01-02 20:06,89.18,2197
2025-01-02 20:07,88.52,1780
2025-01-02 20:08,89.04,1221
2025-01-02 20:09,87.97,2382
2025-01-02 20:10,87.99,2810
2025-01-02 20:11,88.10,2931
2025-01-02 20:12,87.07,1453
2025-01-02 20:13,86.65,2326
2025-01-02 20:14,87.51,2862
2025-01-02 20:15,87.87,2435
2025-01-02 20:16,87.71,1286
2025-01-02 20:17,88.19,1092
2025-01-02 20:18,88.59,2008
2025-01-02 20:19,88.45,1237
2025-01-02 20:20,89.31,1277
2025-01-02 20:21,89.91,1795
2025-01-02 20:22,89.19,2521
2025-01-02 20:23,89.41,2426
2025-01-02 20:24,89.90,2520
2025-01-02 20:25,89.72,2488
2025-01-02 20:26,90.02,1202
2025-01-02 20:27,90.44,2707
2025-01-02 20:28,89.93,2948
2025-01-02 20:29,89.97,1572
2025-01-02 20:30,90.44,1908
2025-01-02 20:31,90.54,1910
2025-01-02 20:32,91.47,1203
2025-01-02 20:33,91.17,2404
2025-01-02 20:34,90.45,2320
2025-01-02 20:35,91.25,1734
2025-01-02 20:36,91.62,2982
2025-01-02 20:37,91.77,1250
2025-01-02 20:38,92.65,1187
2025-01-02 20:39,92.36,2357
2025-01-02 20:40,92.53,2988
2025-01-02 20:41,93.22,1043
2025-01-02 20:42,93.65,1257
2025-01-02 20:43,93.79,2611
2025-01-02 20:44,93.62,2567
2025-01-02 20:45,93.54,2135
2025-01-02 20:46,93.64,2781
2025-01-02 20:47,93.97,1477
2025-01-02 20:48,93.84,2844
2025-01-02 20:49,94.09,2220
2025-01-02 20:50,95.07,1296
2025-01-02 20:51,95.09,1266
2025-01-02 20:52,94.23,1225
2025-01-02 20:53,94.00,2353
2025-01-02 20:54,94.18,1733
2025-01-02 20:55,93.98,2617
2025-01-02 20:56,94.14,1032
2025-01-02 20:57,93.49,1356
2025-01-02 20:58,93.47,1862
2025-01-02 20:59,93.73,2077
2025-01-02 21:00,93.87,1918
2025-01-02 21:01,93.98,2593
2025-01-02 21:02,93.55,1925
2025-01-02 21:03,94.06,2031
2025-01-02 21:04,94.18,2489
2025-01-02 21:05,94.86,2604
2025-01-02 21:06,95.48,1617
2025-01-02 21:07,95.08,1938
2025-01-02 21:08,95.00,1980
2025-01-02 21:09,94.91,2735
2025-01-02 21:10,94.29,2004
2025-01-02 21:11,94.73,2458
2025-01-02 21:12,94.89,1165
2025-01-02 21:13,94.79,1659
2025-01-02 21:14,94.64,1563
2025-01-02 21:15,94.53,2278
2025-01-02 21:16,94.10,1665
2025-01-02 21:17,93.64,1780
2025-01-02 21:18,94.25,1929
2025-01-02 21:19,94.23,2035
2025-01-02 21:20,94.05,2437
2025-01-02 21:21,93.91,1234
2025-01-02 21:22,94.35,2574
2025-01-02 21:23,93.77,2129
2025-01-02 21:24,93.70,1924
2025-01-02 21:25,93.36,2818
2025-01-02 21:26,93.42,1928
2025-01-02 21:27,93.87,1816
2025-01-02 21:28,93.68,1874
2025-01-02 21:29,93.79,1640
2025-01-02 21:30,93.55,1312
2025-01-02 21:31,93.13,2406
2025-01-02 21:32,93.29,2703
2025-01-02 21:33,93.21,1174
2025-01-02 21:34,93.40,2513
2025-01-02 21:35,93.52,1763
2025-01-02 21:36,93.76,2201
2025-01-02 21:37,93.17,2959
2025-01-02 21:38,92.76,1250
2025-01-02 21:39,92.59,1841
2025-01-02 21:40,92.14,2536
2025-01-02 21:41,92.73,1866
2025-01-02 21:42,93.27,2983
2025-01-02 21:43,92.68,1589
2025-01-02 21:44,92.30,2183
2025-01-02 21:45,92.03,2039
2025-01-02 21:46,92.20,1459
2025-01-02 21:47,92.91,2735
2025-01-02 21:48,93.66,1752
2025-01-02 21:49,94.27,1235
2025-01-02 21:50,94.32,2653
2025-01-02 21:51,93.67,1878
2025-01-02 21:52,94.43,2676
2025-01-02 21:53,93.31,2273
2025-01-02 21:54,92.77,1053
2025-01-02 21:55,92.30,2247
2025-01-02 21:56,93.15,1547
2025-01-02 21:57,92.74,1059
2025-01-02 21:58,93.07,1632
2025-01-02 21:59,93.78,2887
2025-01-02 22:00,93.75,2781
2025-01-02 22:01,93.80,1293
2025-01-02 22:02,93.33,1290
2025-01-02 22:03,93.13,2517
2025-01-02 22:04,93.04,2528
2025-01-02 22:05,92.95,2086
2025-01-02 22:06,93.07,1698
2025-01-02 22:07,93.57,1322
2025-01-02 22:08,93.03,2590
2025-01-02 22:09,93.61,2928
2025-01-02 22:10,93.42,1107
2025-01-02 22:11,93.33,1318
2025-01-02 22:12,93.71,2380
2025-01-02 22:13,94.29,1167
2025-01-02 22:14,94.19,1994
2025-01-02 22:15,94.92,2243
2025-01-02 22:16,94.55,2546
2025-01-02 22:17,94.69,2049
2025-01-02 22:18,95.09,1580
2025-01-02 22:19,95.44,2388
2025-01-02 22:20,95.19,2366
2025-01-02 22:21,94.67,1631
2025-01-02 22:22,95.15,2227
2025-01-02 22:23,95.29,1112
2025-01-02 22:24,95.71,1432
2025-01-02 22:25,95.73,2571
2025-01-02 22:26,95.98,1671
2025-01-02 22:27,96.27,1245
2025-01-02 22:28,97.10,1359
2025-01-02 22:29,97.14,1264
2025-01-02 22:30,96.57,2024
2025-01-02 22:31,97.10,2144
2025-01-02 22:32,97.56,1147
2025-01-02 22:33,96.77,1813
2025-01-02 22:34,96.87,1038
2025-01-02 22:35,96.76,1941
2025-01-02 22:36,97.63,2179
2025-01-02 22:37,97.16,1879
2025-01-02 22:38,96.45,1855
2025-01-02 22:39,96.10,1592
2025-01-02 22:40,96.18,1665
2025-01-02 22:41,96.25,1351
2025-01-02 22:42,96.47,2703
2025-01-02 22:43,95.81,2412
2025-01-02 22:44,96.00,2729
2025-01-02 22:45,95.90,1216
2025-01-02 22:46,95.92,2073
2025-01-02 22:47,96.59,1161
2025-01-02 22:48,96.25,1695
2025-01-02 22:49,96.51,1453
2025-01-02 22:50,96.36,2045
2025-01-02 22:51,96.62,2296
2025-01-02 22:52,97.07,2855
2025-01-02 22:53,97.46,2589
2025-01-02 22:54,96.99,2677
2025-01-02 22:55,97.65,2321
2025-01-02 22:56,97.79,1299
2025-01-02 22:57,97.46,1524
2025-01-02 22:58,97.68,2556
2025-01-02 22:59,98.32,2554
2025-01-02 23:00,98.14,2582
2025-01-02 23:01,97.89,2286
2025-01-02 23:02,97.05,2556
2025-01-02 23:03,97.08,2186
2025-01-02 23:04,96.00,2156
2025-01-02 23:05,96.36,2316
2025-01-02 23:06,95.90,2769
2025-01-02 23:07,95.37,2988
2025-01-02 23:08,95.17,1139
2025-01-02 23:09,94.97,1960
2025-01-02 23:10,94.57,1562
2025-01-02 23:11,94.72,2211
2025-01-02 23:12,95.28,1635
2025-01-02 23:13,95.49,1945
2025-01-02 23:14,95.32,2703
2025-01-02 23:15,95.37,1587
2025-01-02 23:16,96.26,2751
2025-01-02 23:17,96.72,1184
2025-01-02 23:18,96.28,1947
2025-01-02 23:19,95.88,2188
2025-01-02 23:20,95.05,2834
2025-01-02 23:21,94.75,1084
2025-01-02 23:22,93.89,2334
2025-01-02 23:23,94.17,1385
2025-01-02 23:24,93.92,1308
2025-01-02 23:25,94.43,2961
2025-01-02 23:26,94.65,2841
2025-01-02 23:27,94.74,2714
2025-01-02 23:28,94.30,2033
2025-01-02 23:29,94.96,2323
2025-01-02 23:30,95.14,1896
2025-01-02 23:31,95.47,1899
2025-01-02 23:32,94.79,1745
2025-01-02 23:33,94.69,1763
2025-01-02 23:34,95.12,2586
2025-01-02 23:35,94.87,1692
2025-01-02 23:36,94.80,2292
2025-01-02 23:37,94.66,2325
2025-01-02 23:38,94.43,2142
2025-01-02 23:39,94.81,2389
2025-01-02 23:40,94.53,2744
2025-01-02 23:41,94.77,2344
2025-01-02 23:42,95.44,1307
2025-01-02 23:43,95.29,1682
2025-01-02 23:44,95.93,2877
2025-01-02 23:45,96.29,1716
2025-01-02 23:46,96.02,2356
2025-01-02 23:47,96.70,1802
2025-01-02 23:48,97.24,1173
2025-01-02 23:49,97.81,1634
2025-01-02 23:50,97.14,1672
2025-01-02 23:51,96.88,2665
2025-01-02 23:52,97.42,2939
2025-01-02 23:53,97.98,2513
2025-01-02 23:54,99.09,1191
2025-01-02 23:55,99.07,2323
2025-01-02 23:56,98.78,1037
2025-01-02 23:57,98.26,1742
2025-01-02 23:58,97.81,1699
2025-01-02 23:59,98.96,2940
2025-01-03 00:00,98.99,1281
2025-01-03 00:01,98.67,1317
2025-01-03 00:02,99.52,1207
2025-01-03 00:03,99.97,2039
2025-01-03 00:04,100.09,2809
2025-01-03 00:05,99.15,2078
2025-01-03 00:06,99.59,2569
2025-01-03 00:07,99.70,2265
2025-01-03 00:08,100.03,1332
2025-01-03 00:09,100.39,1370
2025-01-03 00:10,100.81,2656
2025-01-03 00:11,100.06,2848
2025-01-03 00:12,100.33,1841
2025-01-03 00:13,100.79,1746
2025-01-03 00:14,100.63,1909
2025-01-03 00:15,100.30,2250
2025-01-03 00:16,100.12,1919
2025-01-03 00:17,100.93,1479
2025-01-03 00:18,100.51,2656
2025-01-03 00:19,100.42,2606
2025-01-03 00:20,99.49,1753
2025-01-03 00:21,99.67,2389
2025-01-03 00:22,101.03,1945
2025-01-03 00:23,100.56,2575
2025-01-03 00:24,100.47,2080
2025-01-03 00:25,100.95,1857
2025-01-03 00:26,101.85,2640
2025-01-03 00:27,101.65,2238
2025-01-03 00:28,101.90,2313
2025-01-03 00:29,102.19,1984
2025-01-03 00:30,102.64,1210
2025-01-03 00:31,102.18,2456
2025-01-03 00:32,102.74,1583
2025-01-03 00:33,101.93,1171
2025-01-03 00:34,101.96,2854
2025-01-03 00:35,101.57,2051
2025-01-03 00:36,101.89,2938
2025-01-03 00:37,102.32,2864
2025-01-03 00:38,102.41,1715
2025-01-03 00:39,102.95,2905
2025-01-03 00:40,103.12,2028
2025-01-03 00:41,103.14,1765
2025-01-03 00:42,103.29,1767
2025-01-03 00:43,104.89,1459
2025-01-03 00:44,106.03,2718
2025-01-03 00:45,106.24,2463
2025-01-03 00:46,105.72,1281
2025-01-03 00:47,105.00,1078
2025-01-03 00:48,104.78,2425
2025-01-03 00:49,105.70,2702
2025-01-03 00:50,106.20,1918
2025-01-03 00:51,106.80,2260
2025-01-03 00:52,107.00,1524
2025-01-03 00:53,107.01,1441
2025-01-03 00:54,107.33,2489
2025-01-03 00:55,106.79,2246
2025-01-03 00:56,106.55,1590
2025-01-03 00:57,106.51,1486
2025-01-03 00:58,106.46,1859
2025-01-03 00:59,106.61,2308
2025-01-03 01:00,106.76,1227
2025-01-03 01:01,106.23,2713
2025-01-03 01:02,106.78,1033
2025-01-03 01:03,106.40,2294
2025-01-03 01:04,106.03,1294
2025-01-03 01:05,106.00,1596
2025-01-03 01:06,105.37,1492
2025-01-03 01:07,105.67,2168
2025-01-03 01:08,105.03,1175
2025-01-03 01:09,105.40,2072
2025-01-03 01:10,105.59,2077
2025-01-03 01:11,105.56,2114
2025-01-03 01:12,104.07,2134
2025-01-03 01:13,104.00,1041
2025-01-03 01:14,103.56,2301
2025-01-03 01:15,103.92,1792
2025-01-03 01:16,104.30,1033
2025-01-03 01:17,104.26,1731
2025-01-03 01:18,104.37,2501
2025-01-03 01:19,103.92,2345
2025-01-03 01:20,103.32,2505
2025-01-03 01:21,102.70,2549
2025-01-03 01:22,102.63,2118
2025-01-03 01:23,102.76,1693
2025-01-03 01:24,102.88,2595
2025-01-03 01:25,102.60,2402
2025-01-03 01:26,101.84,2293
2025-01-03 01:27,102.01,1373
2025-01-03 01:28,102.08,2589
2025-01-03 01:29,101.91,2932
2025-01-03 01:30,101.51,1089
2025-01-03 01:31,101.62,2620
2025-01-03 01:32,101.67,2911
2025-01-03 01:33,101.81,1635
2025-01-03 01:34,100.31,2112
2025-01-03 01:35,100.16,1969
2025-01-03 01:36,100.15,1391
2025-01-03 01:37,100.98,1585
2025-01-03 01:38,100.44,2773
2025-01-03 01:39,101.12,2342
2025-01-03 01:40,101.00,1753
2025-01-03 01:41,101.22,1894
2025-01-03 01:42,101.85,2832
2025-01-03 01:43,101.33,2958
2025-01-03 01:44,100.31,2016
2025-01-03 01:45,101.19,2417
2025-01-03 01:46,100.05,2063
2025-01-03 01:47,100.07,1546
2025-01-03 01:48,100.32,1161
2025-01-03 01:49,99.56,1881
2025-01-03 01:50,98.81,2117
2025-01-03 01:51,98.26,1601
2025-01-03 01:52,98.17,2353
2025-01-03 01:53,98.35,1605
2025-01-03 01:54,98.12,1872
2025-01-03 01:55,98.75,1341
2025-01-03 01:56,98.58,1086
2025-01-03 01:57,98.15,2488
2025-01-03 01:58,98.47,1890
2025-01-03 01:59,98.13,1562
2025-01-03 02:00,97.56,1117
2025-01-03 02:01,96.88,1153
2025-01-03 02:02,96.64,2050
2025-01-03 02:03,96.19,2640
2025-01-03 02:04,96.19,1063
2025-01-03 02:05,95.89,1292
2025-01-03 02:06,96.33,1897
2025-01-03 02:07,95.72,1071
2025-01-03 02:08,95.98,2321
2025-01-03 02:09,96.24,1750
2025-01-03 02:10,95.45,1066
2025-01-03 02:11,96.38,2239
2025-01-03 02:12,96.69,1759
2025-01-03 02:13,97.14,1761
2025-01-03 02:14,96.95,1281
2025-01-03 02:15,97.02,2084
2025-01-03 02:16,96.73,1570
2025-01-03 02:17,97.05,1511
2025-01-03 02:18,97.16,1381
2025-01-03 02:19,97.13,2022
2025-01-03 02:20,96.03,1241
2025-01-03 02:21,95.91,1536
2025-01-03 02:22,96.03,1439
2025-01-03 02:23,95.26,2253
2025-01-03 02:24,95.02,2005
2025-01-03 02:25,96.10,1409
2025-01-03 02:26,96.80,1925
2025-01-03 02:27,97.49,1353
2025-01-03 02:28,97.92,1179
2025-01-03 02:29,97.60,2659
2025-01-03 02:30,97.20,1654
2025-01-03 02:31,96.32,2367
2025-01-03 02:32,96.21,2110
2025-01-03 02:33,96.36,1594
2025-01-03 02:34,97.12,2457
2025-01-03 02:35,96.51,2453
2025-01-03 02:36,97.14,2625
2025-01-03 02:37,96.83,1740
2025-01-03 02:38,96.58,1411
2025-01-03 02:39,96.56,2622
2025-01-03 02:40,97.13,1053
2025-01-03 02:41,97.81,1739
2025-01-03 02:42,97.36,2645
2025-01-03 02:43,97.20,2129
2025-01-03 02:44,97.91,1134
2025-01-03 02:45,98.66,1633
2025-01-03 02:46,98.03,1980
2025-01-03 02:47,98.50,2076
2025-01-03 02:48,98.07,2177
2025-01-03 02:49,98.34,1151
2025-01-03 02:50,98.65,1151
2025-01-03 02:51,98.96,1921
2025-01-03 02:52,98.37,1262
2025-01-03 02:53,98.50,2798
2025-01-03 02:54,98.80,2203
2025-01-03 02:55,98.24,1372
2025-01-03 02:56,98.27,2029
2025-01-03 02:57,98.01,2865
2025-01-03 02:58,98.65,2061
2025-01-03 02:59,97.95,1313
2025-01-03 03:00,97.85,2914
2025-01-03 03:01,98.13,2452
2025-01-03 03:02,98.32,2062
2025-01-03 03:03,99.52,2832
2025-01-03 03:04,99.48,1402
2025-01-03 03:05,99.67,2300
2025-01-03 03:06,100.06,2280
2025-01-03 03:07,99.95,1620
2025-01-03 03:08,99.78,2312
2025-01-03 03:09,99.64,1345
2025-01-03 03:10,99.09,1350
2025-01-03 03:11,98.73,2349
2025-01-03 03:12,97.96,1691
2025-01-03 03:13,97.20,2725
2025-01-03 03:14,97.33,2769
2025-01-03 03:15,97.26,1058
2025-01-03 03:16,98.33,2579
2025-01-03 03:17,98.92,2181
2025-01-03 03:18,98.89,2171
2025-01-03 03:19,99.23,1853
2025-01-03 03:20,99.14,2820
2025-01-03 03:21,99.06,2284
2025-01-03 03:22,98.37,1618
2025-01-03 03:23,98.17,1989
2025-01-03 03:24,98.20,1831
2025-01-03 03:25,99.10,1609
2025-01-03 03:26,98.37,1323
2025-01-03 03:27,98.59,1900
2025-01-03 03:28,98.11,1696
2025-01-03 03:29,98.39,2242
2025-01-03 03:30,99.01,1653
2025-01-03 03:31,99.79,2503
2025-01-03 03:32,100.25,1816
2025-01-03 03:33,100.21,1267
2025-01-03 03:34,100.25,1217
2025-01-03 03:35,99.65,1653
2025-01-03 03:36,99.67,1920
2025-01-03 03:37,99.92,1507
2025-01-03 03:38,100.02,2936
2025-01-03 03:39,100.15,1786
2025-01-03 03:40,100.49,2971
2025-01-03 03:41,100.10,2772
2025-01-03 03:42,100.85,2912
2025-01-03 03:43,100.32,2183
2025-01-03 03:44,100.26,1326
2025-01-03 03:45,99.94,2020
2025-01-03 03:46,100.50,2800
2025-01-03 03:47,100.49,1631
2025-01-03 03:48,100.27,1805
2025-01-03 03:49,100.28,2035
2025-01-03 03:50,99.92,2194
2025-01-03 03:51,100.02,1722
2025-01-03 03:52,100.40,2223
2025-01-03 03:53,100.53,2807
2025-01-03 03:54,100.94,1585
2025-01-03 03:55,100.31,2099
2025-01-03 03:56,100.55,1274
2025-01-03 03:57,100.56,2807
2025-01-03 03:58,100.52,1825
2025-01-03 03:59,101.00,1749
2025-01-03 04:00,101.15,2150
2025-01-03 04:01,101.20,1398
2025-01-03 04:02,100.93,1791
2025-01-03 04:03,101.24,2032
2025-01-03 04:04,100.64,2690
2025-01-03 04:05,100.84,2276
2025-01-03 04:06,100.73,2996
2025-01-03 04:07,100.50,1198
2025-01-03 04:08,99.80,1694
2025-01-03 04:09,100.35,2142
2025-01-03 04:10,101.13,1407
2025-01-03 04:11,100.82,2233
2025-01-03 04:12,100.23,1092
2025-01-03 04:13,100.19,1079
2025-01-03 04:14,100.49,1970
2025-01-03 04:15,100.83,2063
2025-01-03 04:16,100.17,2055
2025-01-03 04:17,100.35,1286
2025-01-03 04:18,100.03,1332
2025-01-03 04:19,100.64,1804
2025-01-03 04:20,101.46,1612
2025-01-03 04:21,101.41,2215
2025-01-03 04:22,100.92,2090
2025-01-03 04:23,101.73,2003
2025-01-03 04:24,101.62,2670
2025-01-03 04:25,101.21,1034
2025-01-03 04:26,100.70,1853
2025-01-03 04:27,101.25,2195
2025-01-03 04:28,100.87,2786
2025-01-03 04:29,101.88,2409
2025-01-03 04:30,101.41,1543
2025-01-03 04:31,100.92,2980
2025-01-03 04:32,100.17,2184
2025-01-03 04:33,99.07,2182
2025-01-03 04:34,99.09,1983
2025-01-03 04:35,99.25,1349
2025-01-03 04:36,98.46,2586
2025-01-03 04:37,98.34,2722
2025-01-03 04:38,97.66,1496
2025-01-03 04:39,98.30,1064
2025-01-03 04:40,97.60,1390
2025-01-03 04:41,97.26,1038
2025-01-03 04:42,96.77,1845
2025-01-03 04:43,96.96,2414
2025-01-03 04:44,97.13,2252
2025-01-03 04:45,97.69,2885
2025-01-03 04:46,96.74,2489
2025-01-03 04:47,96.91,1127
2025-01-03 04:48,96.74,2148
2025-01-03 04:49,96.16,1665
2025-01-03 04:50,96.73,1771
2025-01-03 04:51,96.73,1642
2025-01-03 04:52,97.26,2091
2025-01-03 04:53,97.11,1701
2025-01-03 04:54,96.39,2776
2025-01-03 04:55,96.18,2476
2025-01-03 04:56,95.80,1541
2025-01-03 04:57,94.98,2249
2025-01-03 04:58,93.73,1571
2025-01-03 04:59,93.85,2142
2025-01-03 05:00,93.50,1609
2025-01-03 05:01,94.63,2579
2025-01-03 05:02,94.55,2443
2025-01-03 05:03,94.88,2001
2025-01-03 05:04,94.69,2912
2025-01-03 05:05,95.11,2913
2025-01-03 05:06,95.23,1249
2025-01-03 05:07,94.84,2174
2025-01-03 05:08,94.63,1808
2025-01-03 05:09,94.19,2676
2025-01-03 05:10,93.70,1299
2025-01-03 05:11,94.42,1594
2025-01-03 05:12,95.62,1161
2025-01-03 05:13,95.94,1709
2025-01-03 05:14,96.59,2530
2025-01-03 05:15,96.26,1981
2025-01-03 05:16,96.47,1555
2025-01-03 05:17,97.38,2910
2025-01-03 05:18,97.01,1223
2025-01-03 05:19,96.86,2260
2025-01-03 05:20,96.84,1103
2025-01-03 05:21,96.47,2371
2025-01-03 05:22,96.77,1476
2025-01-03 05:23,96.57,1107
2025-01-03 05:24,96.93,1967
2025-01-03 05:25,97.19,1205
2025-01-03 05:26,97.08,2975
2025-01-03 05:27,96.83,2127
2025-01-03 05:28,97.12,2337
2025-01-03 05:29,97.08,2914
2025-01-03 05:30,97.50,2332
2025-01-03 05:31,97.11,1408
2025-01-03 05:32,97.13,1584
2025-01-03 05:33,96.71,2322
2025-01-03 05:34,97.51,2335
2025-01-03 05:35,97.82,2175
2025-01-03 05:36,97.91,2741
2025-01-03 05:37,98.73,2918
2025-01-03 05:38,99.83,1855
2025-01-03 05:39,100.09,2806
2025-01-03 05:40,100.70,1074
2025-01-03 05:41,99.70,2712
2025-01-03 05:42,99.24,2918
2025-01-03 05:43,99.59,2533
2025-01-03 05:44,100.70,2795
2025-01-03 05:45,100.43,1076
2025-01-03 05:46,101.08,1219
2025-01-03 05:47,101.11,2901
2025-01-03 05:48,101.52,2313
2025-01-03 05:49,101.48,2112
2025-01-03 05:50,100.44,1274
2025-01-03 05:51,100.28,2742
2025-01-03 05:52,99.88,2656
2025-01-03 05:53,99.87,1230
2025-01-03 05:54,99.48,2327
2025-01-03 05:55,100.19,1526
2025-01-03 05:56,100.17,1690
2025-01-03 05:57,100.09,2619
2025-01-03 05:58,99.88,1395
2025-01-03 05:59,100.60,1359
2025-01-03 06:00,100.05,1830
2025-01-03 06:01,99.59,2693
2025-01-03 06:02,99.19,1820
2025-01-03 06:03,99.39,2370
2025-01-03 06:04,100.56,1977
2025-01-03 06:05,101.35,1662
2025-01-03 06:06,101.41,1785
2025-01-03 06:07,101.38,1482
2025-01-03 06:08,101.01,1675
2025-01-03 06:09,101.14,1618
2025-01-03 06:10,100.57,1535
2025-01-03 06:11,100.25,2338
2025-01-03 06:12,100.02,2367
2025-01-03 06:13,100.30,1242
2025-01-03 06:14,100.01,2405
2025-01-03 06:15,100.08,2029
2025-01-03 06:16,101.00,2576
2025-01-03 06:17,100.52,1636
2025-01-03 06:18,100.26,2926
2025-01-03 06:19,99.59,1604
2025-01-03 06:20,99.35,2960
2025-01-03 06:21,99.62,1273
2025-01-03 06:22,99.07,2240
2025-01-03 06:23,99.15,1765
2025-01-03 06:24,98.60,1964
2025-01-03 06:25,98.92,2551
2025-01-03 06:26,98.20,1447
2025-01-03 06:27,98.03,2560
2025-01-03 06:28,98.04,2788
2025-01-03 06:29,98.88,2612
2025-01-03 06:30,99.35,2441
2025-01-03 06:31,99.62,1740
2025-01-03 06:32,100.19,1126
2025-01-03 06:33,100.49,2697
2025-01-03 06:34,99.93,2172
2025-01-03 06:35,99.75,2099
2025-01-03 06:36,100.01,2065
2025-01-03 06:37,100.37,1904
2025-01-03 06:38,100.63,2194
2025-01-03 06:39,100.85,2001
2025-01-03 06:40,101.36,2656
2025-01-03 06:41,101.68,1113
2025-01-03 06:42,101.10,1935
2025-01-03 06:43,101.28,2154
2025-01-03 06:44,101.80,2652
2025-01-03 06:45,102.00,1631
2025-01-03 06:46,101.91,2672
2025-01-03 06:47,101.42,1006
2025-01-03 06:48,101.40,1092
2025-01-03 06:49,100.74,1867
2025-01-03 06:50,100.64,1123
2025-01-03 06:51,100.79,2914
2025-01-03 06:52,101.94,1966
2025-01-03 06:53,101.04,1064
2025-01-03 06:54,100.97,1277
2025-01-03 06:55,101.27,2568
2025-01-03 06:56,100.76,2973
2025-01-03 06:57,100.14,1860
2025-01-03 06:58,99.39,1918
2025-01-03 06:59,100.14,2780
2025-01-03 07:00,100.56,1164
2025-01-03 07:01,100.32,2398
2025-01-03 07:02,101.32,1272
2025-01-03 07:03,101.09,2338
2025-01-03 07:04,101.25,2100
2025-01-03 07:05,101.05,1804
2025-01-03 07:06,100.26,1456
2025-01-03 07:07,100.12,2709
2025-01-03 07:08,100.22,1611
2025-01-03 07:09,100.23,1948
2025-01-03 07:10,99.94,2089
2025-01-03 07:11,99.38,1776
2025-01-03 07:12,99.55,1708
2025-01-03 07:13,99.21,1317
2025-01-03 07:14,99.02,2484
2025-01-03 07:15,100.18,2567
2025-01-03 07:16,100.87,1858
2025-01-03 07:17,101.47,2259
2025-01-03 07:18,101.57,1032
2025-01-03 07:19,100.54,1492
2025-01-03 07:20,100.60,1068
2025-01-03 07:21,100.82,1914
2025-01-03 07:22,100.19,1099
2025-01-03 07:23,99.74,1501
2025-01-03 07:24,99.71,1479
2025-01-03 07:25,99.20,2105
2025-01-03 07:26,99.40,1115
2025-01-03 07:27,100.38,1286
2025-01-03 07:28,99.97,2670
2025-01-03 07:29,99.96,2876
2025-01-03 07:30,99.91,2224
2025-01-03 07:31,99.47,2582
2025-01-03 07:32,99.27,1618
2025-01-03 07:33,98.88,2794
2025-01-03 07:34,99.34,1452
2025-01-03 07:35,99.91,1846
2025-01-03 07:36,99.86,2942
2025-01-03 07:37,100.02,2211
2025-01-03 07:38,100.83,2282
2025-01-03 07:39,100.07,2390
2025-01-03 07:40,99.55,2991
2025-01-03 07:41,99.80,1705
2025-01-03 07:42,100.50,2609
2025-01-03 07:43,100.23,2074
2025-01-03 07:44,100.01,1305
2025-01-03 07:45,100.49,1614
2025-01-03 07:46,99.89,1969
2025-01-03 07:47,100.48,1493
2025-01-03 07:48,100.72,2449
2025-01-03 07:49,100.38,1295
2025-01-03 07:50,100.76,2151
2025-01-03 07:51,99.72,1845
2025-01-03 07:52,100.34,1274
2025-01-03 07:53,100.22,1795
2025-01-03 07:54,100.23,2324
2025-01-03 07:55,100.57,1161
2025-01-03 07:56,101.42,1189
2025-01-03 07:57,100.97,2096
2025-01-03 07:58,100.92,1549
2025-01-03 07:59,100.60,1772
2025-01-03 08:00,100.28,2789
2025-01-03 08:01,99.68,1149
2025-01-03 08:02,100.00,2483
2025-01-03 08:03,100.78,2375
2025-01-03 08:04,100.25,2780
2025-01-03 08:05,100.04,2857
2025-01-03 08:06,99.42,1031
2025-01-03 08:07,100.51,1433
2025-01-03 08:08,101.69,1240
2025-01-03 08:09,101.20,2529
2025-01-03 08:10,101.77,1496
2025-01-03 08:11,101.77,2424
2025-01-03 08:12,101.50,2874
2025-01-03 08:13,101.29,1490
2025-01-03 08:14,100.47,1779
2025-01-03 08:15,100.19,1954
2025-01-03 08:16,99.73,1535
2025-01-03 08:17,99.63,1736
2025-01-03 08:18,99.05,1201
2025-01-03 08:19,99.00,2644
2025-01-03 08:20,99.56,2719
2025-01-03 08:21,99.50,1655
2025-01-03 08:22,99.91,1847
2025-01-03 08:23,99.66,1093
2025-01-03 08:24,99.34,1298
2025-01-03 08:25,99.20,1033
2025-01-03 08:26,99.12,2186
2025-01-03 08:27,100.29,2474
2025-01-03 08:28,100.04,1675
2025-01-03 08:29,100.18,1471
2025-01-03 08:30,99.49,2022
2025-01-03 08:31,100.14,2127
2025-01-03 08:32,99.71,1527
2025-01-03 08:33,99.08,2563
2025-01-03 08:34,99.65,2314
2025-01-03 08:35,98.48,2514
2025-01-03 08:36,98.17,2628
2025-01-03 08:37,98.19,1721
2025-01-03 08:38,98.58,2000
2025-01-03 08:39,99.28,1376
2025-01-03 08:40,99.82,2314
2025-01-03 08:41,99.51,2960
2025-01-03 08:42,99.63,2734
2025-01-03 08:43,99.68,1152
2025-01-03 08:44,100.37,2565
2025-01-03 08:45,100.12,1013
2025-01-03 08:46,99.30,1473
2025-01-03 08:47,99.81,1139
2025-01-03 08:48,99.79,2035
2025-01-03 08:49,99.72,1933
2025-01-03 08:50,99.24,2365
2025-01-03 08:51,99.74,2912
2025-01-03 08:52,99.31,1999
2025-01-03 08:53,98.92,1032
2025-01-03 08:54,99.56,1024
2025-01-03 08:55,99.58,1034
2025-01-03 08:56,99.19,1587
2025-01-03 08:57,99.12,1035
2025-01-03 08:58,98.34,1881
2025-01-03 08:59,98.33,2651
2025-01-03 09:00,98.62,2880
2025-01-03 09:01,98.51,1197
2025-01-03 09:02,98.14,2269
2025-01-03 09:03,98.08,2078
2025-01-03 09:04,98.08,2628
2025-01-03 09:05,98.54,1812
2025-01-03 09:06,99.66,1940
2025-01-03 09:07,100.26,2157
2025-01-03 09:08,100.29,1614
2025-01-03 09:09,101.06,2400
2025-01-03 09:10,101.16,2757
2025-01-03 09:11,100.98,2330
2025-01-03 09:12,100.99,1776
2025-01-03 09:13,100.77,1772
2025-01-03 09:14,100.61,1019
2025-01-03 09:15,100.56,2439
2025-01-03 09:16,100.84,1888
2025-01-03 09:17,101.35,2320
2025-01-03 09:18,101.49,2757
2025-01-03 09:19,100.86,2994
2025-01-03 09:20,101.37,1087
2025-01-03 09:21,101.71,1470
2025-01-03 09:22,101.95,2817
2025-01-03 09:23,102.93,2160
2025-01-03 09:24,102.78,1152
2025-01-03 09:25,102.80,2401
2025-01-03 09:26,103.76,2154
2025-01-03 09:27,103.28,2347
2025-01-03 09:28,104.40,1644
2025-01-03 09:29,104.64,1032
2025-01-03 09:30,105.28,2540
2025-01-03 09:31,105.12,2680
2025-01-03 09:32,105.01,1157
2025-01-03 09:33,104.52,1612
2025-01-03 09:34,104.71,2709
2025-01-03 09:35,105.03,2739
2025-01-03 09:36,104.21,1679
2025-01-03 09:37,104.89,1786
2025-01-03 09:38,104.90,2411
2025-01-03 09:39,104.63,2483
2025-01-03 09:40,105.36,1708
2025-01-03 09:41,105.75,1109
2025-01-03 09:42,106.04,1155
2025-01-03 09:43,106.25,1697
2025-01-03 09:44,105.71,2219
2025-01-03 09:45,105.29,1812
2025-01-03 09:46,105.72,2298
2025-01-03 09:47,105.64,1559
2025-01-03 09:48,105.75,1467
2025-01-03 09:49,105.21,1728
2025-01-03 09:50,104.76,1380
2025-01-03 09:51,104.60,2392
2025-01-03 09:52,104.18,2581
2025-01-03 09:53,103.93,2266
2025-01-03 09:54,103.82,1150
2025-01-03 09:55,104.18,1168
2025-01-03 09:56,104.13,2605
2025-01-03 09:57,104.61,2298
2025-01-03 09:58,104.89,1738
2025-01-03 09:59,105.30,1218
2025-01-03 10:00,106.31,1910
2025-01-03 10:01,106.96,1737
2025-01-03 10:02,106.98,1178
2025-01-03 10:03,106.74,1383
2025-01-03 10:04,106.16,2049
2025-01-03 10:05,106.43,1835
2025-01-03 10:06,106.61,2135
2025-01-03 10:07,106.74,1190
2025-01-03 10:08,106.02,2768
2025-01-03 10:09,105.52,1788
2025-01-03 10:10,106.03,2595
2025-01-03 10:11,106.07,1173
2025-01-03 10:12,105.97,1497
2025-01-03 10:13,105.34,2171
2025-01-03 10:14,104.59,1347
2025-01-03 10:15,104.48,1284
2025-01-03 10:16,104.44,1298
2025-01-03 10:17,104.83,1129
2025-01-03 10:18,105.03,1613
2025-01-03 10:19,105.38,1991
2025-01-03 10:20,105.48,2933
2025-01-03 10:21,105.01,1505
2025-01-03 10:22,104.91,2262
2025-01-03 10:23,104.33,1400
2025-01-03 10:24,104.07,1013
2025-01-03 10:25,104.14,2943
2025-01-03 10:26,103.38,1778
2025-01-03 10:27,103.96,2646
2025-01-03 10:28,104.31,1881
2025-01-03 10:29,103.90,2670
2025-01-03 10:30,104.23,2217
2025-01-03 10:31,103.58,1278
2025-01-03 10:32,103.37,2423
2025-01-03 10:33,104.01,1411
2025-01-03 10:34,103.70,1815
2025-01-03 10:35,103.74,2983
2025-01-03 10:36,103.40,2296
2025-01-03 10:37,104.14,2005
2025-01-03 10:38,104.99,1667
2025-01-03 10:39,104.82,1770
2025-01-03 10:40,104.65,1747
2025-01-03 10:41,105.51,1233
2025-01-03 10:42,105.82,2117
2025-01-03 10:43,105.68,1368
2025-01-03 10:44,105.42,2951
2025-01-03 10:45,104.84,2489
2025-01-03 10:46,104.08,1897
2025-01-03 10:47,104.27,2633
2025-01-03 10:48,104.07,2677
2025-01-03 10:49,104.81,2736
2025-01-03 10:50,104.96,2022
2025-01-03 10:51,104.47,1285
2025-01-03 10:52,104.22,2348
2025-01-03 10:53,103.94,1315
2025-01-03 10:54,103.75,1151
2025-01-03 10:55,102.89,1919
2025-01-03 10:56,103.46,1820
2025-01-03 10:57,103.42,2094
2025-01-03 10:58,102.30,2416
2025-01-03 10:59,102.25,1856
2025-01-03 11:00,101.40,1736
2025-01-03 11:01,101.16,2436
2025-01-03 11:02,101.65,2306
2025-01-03 11:03,101.28,2872
2025-01-03 11:04,102.01,2346
2025-01-03 11:05,102.45,2361
2025-01-03 11:06,102.01,1090
2025-01-03 11:07,102.58,2153
2025-01-03 11:08,103.32,1818
2025-01-03 11:09,103.25,2980
2025-01-03 11:10,103.27,1881
2025-01-03 11:11,101.97,1216
2025-01-03 11:12,102.36,2045
2025-01-03 11:13,102.38,2529
2025-01-03 11:14,101.73,2178
2025-01-03 11:15,101.65,1452
2025-01-03 11:16,101.18,2581
2025-01-03 11:17,101.35,2391
2025-01-03 11:18,100.85,1706
2025-01-03 11:19,100.54,1050
2025-01-03 11:20,100.12,2885
2025-01-03 11:21,100.16,2969
2025-01-03 11:22,100.97,2495
2025-01-03 11:23,101.46,1290
2025-01-03 11:24,101.19,2606
2025-01-03 11:25,101.57,1423
2025-01-03 11:26,101.11,1199
2025-01-03 11:27,101.05,1897
2025-01-03 11:28,100.95,1137
2025-01-03 11:29,100.41,1614
2025-01-03 11:30,101.17,1046
2025-01-03 11:31,101.39,2739
2025-01-03 11:32,101.25,2638
2025-01-03 11:33,101.45,1336
2025-01-03 11:34,102.20,2056
2025-01-03 11:35,101.85,1357
2025-01-03 11:36,101.42,1873
2025-01-03 11:37,101.28,2962
2025-01-03 11:38,100.41,2289
2025-01-03 11:39,100.62,1377
2025-01-03 11:40,100.90,1810
2025-01-03 11:41,101.58,1059
2025-01-03 11:42,101.50,1920
2025-01-03 11:43,100.46,2212
2025-01-03 11:44,100.42,1439
2025-01-03 11:45,100.44,1421
2025-01-03 11:46,100.30,2630
2025-01-03 11:47,101.07,1128
2025-01-03 11:48,100.28,2099
2025-01-03 11:49,99.86,1382
2025-01-03 11:50,99.64,1233
2025-01-03 11:51,99.89,1537
2025-01-03 11:52,99.61,2978
2025-01-03 11:53,99.10,2308
2025-01-03 11:54,98.91,1803
2025-01-03 11:55,99.37,2202
2025-01-03 11:56,99.72,1937
2025-01-03 11:57,100.02,2264
2025-01-03 11:58,100.37,2639
2025-01-03 11:59,101.03,1609
2025-01-03 12:00,101.62,2376
2025-01-03 12:01,101.29,1274
2025-01-03 12:02,101.15,1239
2025-01-03 12:03,101.49,1374
2025-01-03 12:04,101.29,1795
2025-01-03 12:05,101.49,1856
2025-01-03 12:06,100.95,1866
2025-01-03 12:07,100.58,1380
2025-01-03 12:08,99.96,2882
2025-01-03 12:09,100.01,2321
2025-01-03 12:10,100.29,1341
2025-01-03 12:11,100.16,2002
2025-01-03 12:12,100.09,2724
2025-01-03 12:13,100.40,1923
2025-01-03 12:14,99.67,2949
2025-01-03 12:15,98.98,1019
2025-01-03 12:16,98.66,1786
2025-01-03 12:17,98.69,2973
2025-01-03 12:18,98.01,1837
2025-01-03 12:19,97.74,2402
2025-01-03 12:20,96.95,1909
2025-01-03 12:21,96.99,2000
2025-01-03 12:22,97.31,2629
2025-01-03 12:23,97.87,2558
2025-01-03 12:24,97.90,1460
2025-01-03 12:25,98.03,2101
2025-01-03 12:26,97.82,2158
2025-01-03 12:27,98.66,2520
2025-01-03 12:28,98.74,2046
2025-01-03 12:29,98.17,1231
2025-01-03 12:30,97.81,2112
2025-01-03 12:31,97.64,2686
2025-01-03 12:32,98.26,2549
2025-01-03 12:33,98.22,1085
2025-01-03 12:34,98.26,1447
2025-01-03 12:35,97.72,1870
2025-01-03 12:36,98.47,2538
2025-01-03 12:37,99.04,1506
2025-01-03 12:38,98.47,1921
2025-01-03 12:39,100.30,1538
2025-01-03 12:40,99.76,1899
2025-01-03 12:41,100.51,2772
2025-01-03 12:42,101.38,1485
2025-01-03 12:43,101.34,1429
2025-01-03 12:44,101.59,1718
2025-01-03 12:45,100.97,2763
2025-01-03 12:46,100.80,1339
2025-01-03 12:47,100.11,2261
2025-01-03 12:48,100.33,1423
2025-01-03 12:49,100.59,2649
2025-01-03 12:50,101.03,1575
2025-01-03 12:51,101.20,2222
2025-01-03 12:52,100.77,2441
2025-01-03 12:53,100.66,1599
2025-01-03 12:54,100.56,2757
2025-01-03 12:55,100.95,2053
2025-01-03 12:56,101.70,1195
2025-01-03 12:57,101.63,1277
2025-01-03 12:58,102.48,2881
2025-01-03 12:59,102.28,1121
2025-01-03 13:00,103.28,1259
2025-01-03 13:01,103.23,2436
2025-01-03 13:02,103.49,2456
2025-01-03 13:03,103.20,1659
2025-01-03 13:04,103.61,2384
2025-01-03 13:05,102.86,1804
2025-01-03 13:06,102.20,1550
2025-01-03 13:07,102.25,2285
2025-01-03 13:08,101.78,2297
2025-01-03 13:09,102.06,2627
2025-01-03 13:10,102.22,2055
2025-01-03 13:11,102.07,2535
2025-01-03 13:12,101.86,1755
2025-01-03 13:13,103.02,1931
2025-01-03 13:14,103.44,1005
2025-01-03 13:15,103.30,2779
2025-01-03 13:16,103.43,2496
2025-01-03 13:17,102.62,2990
2025-01-03 13:18,101.91,1733
2025-01-03 13:19,102.10,2741
2025-01-03 13:20,102.67,1446
2025-01-03 13:21,102.91,2982
2025-01-03 13:22,102.60,1549
2025-01-03 13:23,102.75,1661
2025-01-03 13:24,102.96,2183
2025-01-03 13:25,102.56,1267
2025-01-03 13:26,102.03,1703
2025-01-03 13:27,101.80,2831
2025-01-03 13:28,101.74,1203
2025-01-03 13:29,101.59,2282
2025-01-03 13:30,101.71,1254
2025-01-03 13:31,101.17,2903
2025-01-03 13:32,101.50,1001
2025-01-03 13:33,101.08,2962
2025-01-03 13:34,99.60,2862
2025-01-03 13:35,100.32,1270
2025-01-03 13:36,100.64,2790
2025-01-03 13:37,100.35,2910
2025-01-03 13:38,100.51,1738
2025-01-03 13:39,100.35,1512
2025-01-03 13:40,101.00,2328
2025-01-03 13:41,101.36,1338
2025-01-03 13:42,102.03,2486
2025-01-03 13:43,102.25,2432
2025-01-03 13:44,102.27,1186
2025-01-03 13:45,101.74,2441
2025-01-03 13:46,102.02,1159
2025-01-03 13:47,102.22,1271
2025-01-03 13:48,101.72,1911
2025-01-03 13:49,101.38,1019
2025-01-03 13:50,101.84,1246
2025-01-03 13:51,101.86,2761
2025-01-03 13:52,101.63,1145
2025-01-03 13:53,101.75,1468
2025-01-03 13:54,101.15,1209
2025-01-03 13:55,101.69,1211
2025-01-03 13:56,101.29,1280
2025-01-03 13:57,102.24,1783
2025-01-03 13:58,102.37,1272
2025-01-03 13:59,101.54,2313
2025-01-03 14:00,101.82,2086
2025-01-03 14:01,101.80,2153
2025-01-03 14:02,102.53,1901
2025-01-03 14:03,102.57,1719
2025-01-03 14:04,102.45,1310
2025-01-03 14:05,101.75,2883
2025-01-03 14:06,101.11,2761
2025-01-03 14:07,101.51,1444
2025-01-03 14:08,101.70,2541
2025-01-03 14:09,101.82,1252
2025-01-03 14:10,101.41,2972
2025-01-03 14:11,101.14,1879
2025-01-03 14:12,101.04,1567
2025-01-03 14:13,101.29,2320
2025-01-03 14:14,101.84,2228
2025-01-03 14:15,102.16,2476
2025-01-03 14:16,101.48,2414
2025-01-03 14:17,100.94,1054
2025-01-03 14:18,101.36,1617
2025-01-03 14:19,100.76,1420
2025-01-03 14:20,100.17,2531
2025-01-03 14:21,100.10,1802
2025-01-03 14:22,100.05,2838
2025-01-03 14:23,100.21,2625
2025-01-03 14:24,100.77,1230
2025-01-03 14:25,100.61,1493
2025-01-03 14:26,99.94,2081
2025-01-03 14:27,99.94,2820
2025-01-03 14:28,101.40,2912
2025-01-03 14:29,101.19,1648
2025-01-03 14:30,101.86,2164
2025-01-03 14:31,102.60,1861
2025-01-03 14:32,102.09,2562
2025-01-03 14:33,102.66,1964
2025-01-03 14:34,103.48,1034
2025-01-03 14:35,103.24,2202
2025-01-03 14:36,103.60,1081
2025-01-03 14:37,103.76,2889
2025-01-03 14:38,104.58,2037
2025-01-03 14:39,104.90,1586
2025-01-03 14:40,104.50,1850
2025-01-03 14:41,104.07,1867
2025-01-03 14:42,104.01,2098
2025-01-03 14:43,103.81,2101
2025-01-03 14:44,103.51,1634
2025-01-03 14:45,103.24,1161
2025-01-03 14:46,102.90,2654
2025-01-03 14:47,102.88,1318
2025-01-03 14:48,102.40,2299
2025-01-03 14:49,102.28,2563
2025-01-03 14:50,102.67,1135
2025-01-03 14:51,102.01,1635
2025-01-03 14:52,101.76,2733
2025-01-03 14:53,100.99,1488
2025-01-03 14:54,101.19,1889
2025-01-03 14:55,101.26,1237
2025-01-03 14:56,100.61,1633
2025-01-03 14:57,100.81,2364
2025-01-03 14:58,100.76,1244
2025-01-03 14:59,99.94,1025
2025-01-03 15:00,99.74,1335
2025-01-03 15:01,98.99,2016
2025-01-03 15:02,99.57,2603
2025-01-03 15:03,99.39,2684
2025-01-03 15:04,99.34,1259
2025-01-03 15:05,99.04,2535
2025-01-03 15:06,99.12,2815
2025-01-03 15:07,98.73,1241
2025-01-03 15:08,98.75,2652
2025-01-03 15:09,98.63,1879
2025-01-03 15:10,98.60,2458
2025-01-03 15:11,98.78,2996
2025-01-03 15:12,98.60,1932
2025-01-03 15:13,98.51,2046
2025-01-03 15:14,98.14,2160
2025-01-03 15:15,98.59,1341
2025-01-03 15:16,98.33,1210
2025-01-03 15:17,98.61,2831
2025-01-03 15:18,97.90,1467
2025-01-03 15:19,97.54,2517
2025-01-03 15:20,97.39,2767
2025-01-03 15:21,97.38,1025
2025-01-03 15:22,97.40,1784
2025-01-03 15:23,97.96,2884
2025-01-03 15:24,98.64,2756
2025-01-03 15:25,99.58,1072
2025-01-03 15:26,98.53,2516
2025-01-03 15:27,98.17,2342
2025-01-03 15:28,97.79,1852
2025-01-03 15:29,98.00,2875
2025-01-03 15:30,97.93,1159
2025-01-03 15:31,97.54,2170
2025-01-03 15:32,97.12,2847
2025-01-03 15:33,97.55,1107
2025-01-03 15:34,97.94,1094
2025-01-03 15:35,98.75,2953
2025-01-03 15:36,97.92,2773
2025-01-03 15:37,98.52,1578
2025-01-03 15:38,98.58,1176
2025-01-03 15:39,98.15,2132
2025-01-03 15:40,97.69,1597
2025-01-03 15:41,97.82,2154
2025-01-03 15:42,98.00,1496
2025-01-03 15:43,97.20,1950
2025-01-03 15:44,96.29,2582
2025-01-03 15:45,97.27,2589
2025-01-03 15:46,97.64,2557
2025-01-03 15:47,98.65,2630
2025-01-03 15:48,98.65,1839
2025-01-03 15:49,98.71,1048
2025-01-03 15:50,98.76,2719
2025-01-03 15:51,99.21,2420
2025-01-03 15:52,100.09,1002
2025-01-03 15:53,99.24,2554
2025-01-03 15:54,98.70,2489
2025-01-03 15:55,97.89,1629
2025-01-03 15:56,98.38,1487
2025-01-03 15:57,98.75,1859
2025-01-03 15:58,98.58,1291
2025-01-03 15:59,98.59,2457
2025-01-03 16:00,98.56,1474
2025-01-03 16:01,98.70,2837
2025-01-03 16:02,99.00,2834
2025-01-03 16:03,98.57,1762
2025-01-03 16:04,97.77,2189
2025-01-03 16:05,97.98,1195
2025-01-03 16:06,97.27,1807
2025-01-03 16:07,97.25,1153
2025-01-03 16:08,97.10,2356
2025-01-03 16:09,97.00,2974
2025-01-03 16:10,97.28,2742
2025-01-03 16:11,97.59,1645
2025-01-03 16:12,98.03,2703
2025-01-03 16:13,97.81,2506
2025-01-03 16:14,97.55,1478
2025-01-03 16:15,98.04,1152
2025-01-03 16:16,98.30,2577
2025-01-03 16:17,98.20,2197
2025-01-03 16:18,98.38,1920
2025-01-03 16:19,98.53,1954
2025-01-03 16:20,98.43,1733
2025-01-03 16:21,98.67,2975
2025-01-03 16:22,98.74,1948
2025-01-03 16:23,98.19,1542
2025-01-03 16:24,98.32,2653
2025-01-03 16:25,98.15,2405
2025-01-03 16:26,97.89,2235
2025-01-03 16:27,98.63,1082
2025-01-03 16:28,98.84,1303
2025-01-03 16:29,99.80,1186
2025-01-03 16:30,99.48,1811
2025-01-03 16:31,98.21,2051
2025-01-03 16:32,98.61,2679
2025-01-03 16:33,98.74,1356
2025-01-03 16:34,99.24,1926
2025-01-03 16:35,99.34,2138
2025-01-03 16:36,99.33,1946
2025-01-03 16:37,98.95,1208
2025-01-03 16:38,99.04,1024
2025-01-03 16:39,98.79,1126
2025-01-03 16:40,99.47,1267
2025-01-03 16:41,98.23,1405
2025-01-03 16:42,98.44,2290
2025-01-03 16:43,98.01,2920
2025-01-03 16:44,97.61,1530
2025-01-03 16:45,97.09,2878
2025-01-03 16:46,97.13,1132
2025-01-03 16:47,97.03,1404
2025-01-03 16:48,97.47,1263
2025-01-03 16:49,97.16,1188
2025-01-03 16:50,97.94,1679
2025-01-03 16:51,97.41,1250
2025-01-03 16:52,97.95,1344
2025-01-03 16:53,98.09,2892
2025-01-03 16:54,97.26,1808
2025-01-03 16:55,96.85,2016
2025-01-03 16:56,97.59,1353
2025-01-03 16:57,97.73,1724
2025-01-03 16:58,97.80,1573
2025-01-03 16:59,98.12,1913
2025-01-03 17:00,98.22,2268
2025-01-03 17:01,98.13,2263
2025-01-03 17:02,98.14,1843
2025-01-03 17:03,98.56,2807
2025-01-03 17:04,98.39,1572
2025-01-03 17:05,98.33,1784
2025-01-03 17:06,98.55,2811
2025-01-03 17:07,98.80,2632
2025-01-03 17:08,98.11,2642
2025-01-03 17:09,97.99,2113
2025-01-03 17:10,98.41,2601
2025-01-03 17:11,96.96,2460
2025-01-03 17:12,96.57,1992
2025-01-03 17:13,97.05,1704
2025-01-03 17:14,97.55,1795
2025-01-03 17:15,97.25,1553
2025-01-03 17:16,97.43,1448
2025-01-03 17:17,97.83,1060
2025-01-03 17:18,98.52,1119
2025-01-03 17:19,97.99,2656
2025-01-03 17:20,98.60,2570
2025-01-03 17:21,98.57,2196
2025-01-03 17:22,99.92,1205
2025-01-03 17:23,99.92,1507
2025-01-03 17:24,99.70,2671
2025-01-03 17:25,99.37,2620
2025-01-03 17:26,99.52,2941
2025-01-03 17:27,99.43,1449
2025-01-03 17:28,98.17,1795
2025-01-03 17:29,97.52,1726
2025-01-03 17:30,98.94,1355
2025-01-03 17:31,98.32,1360
2025-01-03 17:32,98.36,2511
2025-01-03 17:33,98.80,2428
2025-01-03 17:34,98.37,2440
2025-01-03 17:35,98.89,2434
2025-01-03 17:36,98.51,1291
2025-01-03 17:37,99.03,2153
2025-01-03 17:38,99.93,2659
2025-01-03 17:39,99.63,2805
2025-01-03 17:40,100.24,1359
2025-01-03 17:41,100.12,2004
2025-01-03 17:42,100.29,2232
2025-01-03 17:43,100.33,1448
2025-01-03 17:44,100.90,1679
2025-01-03 17:45,100.97,2879
2025-01-03 17:46,100.28,1697
2025-01-03 17:47,99.69,2468
2025-01-03 17:48,100.08,2778
2025-01-03 17:49,100.89,1662
2025-01-03 17:50,101.16,2443
2025-01-03 17:51,101.26,2878
2025-01-03 17:52,101.41,2077
2025-01-03 17:53,101.60,2762
2025-01-03 17:54,101.47,2442
2025-01-03 17:55,101.62,2929
2025-01-03 17:56,101.27,1689
2025-01-03 17:57,100.70,1618
2025-01-03 17:58,100.10,2499
2025-01-03 17:59,101.33,2942
2025-01-03 18:00,100.67,1997
2025-01-03 18:01,100.95,2329
2025-01-03 18:02,100.62,2150
2025-01-03 18:03,101.34,2420
2025-01-03 18:04,101.87,1730
2025-01-03 18:05,101.43,1457
2025-01-03 18:06,100.96,1774
2025-01-03 18:07,100.17,1628
2025-01-03 18:08,100.13,1363
2025-01-03 18:09,99.71,2492
2025-01-03 18:10,100.49,2173
2025-01-03 18:11,100.50,1801
2025-01-03 18:12,101.01,2162
2025-01-03 18:13,100.32,1066
2025-01-03 18:14,100.50,2656
2025-01-03 18:15,100.90,2981
2025-01-03 18:16,100.35,1213
2025-01-03 18:17,99.89,2918
2025-01-03 18:18,99.44,1159
2025-01-03 18:19,99.45,1487
2025-01-03 18:20,99.20,2302
2025-01-03 18:21,99.56,2813
2025-01-03 18:22,100.46,2372
2025-01-03 18:23,100.25,2308
2025-01-03 18:24,100.19,1023
2025-01-03 18:25,99.74,1543
2025-01-03 18:26,99.94,1717
2025-01-03 18:27,100.68,1525
2025-01-03 18:28,100.87,1098
2025-01-03 18:29,100.09,1790
2025-01-03 18:30,99.61,1340
2025-01-03 18:31,99.80,2811
2025-01-03 18:32,98.92,1719
2025-01-03 18:33,99.45,2118
2025-01-03 18:34,98.78,2615
2025-01-03 18:35,99.45,2769
2025-01-03 18:36,98.70,1461
2025-01-03 18:37,98.31,1333
2025-01-03 18:38,97.45,1068
2025-01-03 18:39,97.72,1603
2025-01-03 18:40,98.11,1214
2025-01-03 18:41,98.16,1151
2025-01-03 18:42,97.59,1329
2025-01-03 18:43,98.46,2499
2025-01-03 18:44,99.52,1190
2025-01-03 18:45,100.07,1692
2025-01-03 18:46,99.49,1988
2025-01-03 18:47,99.11,2442
2025-01-03 18:48,100.28,1337
2025-01-03 18:49,100.51,2243